"Marca temporal","¿Cómo organizas tus documentos y archivos en tu ordenador?","¿Has perdido documentos por no recordar  como se llamaban?","¿Conoces a gente que le suceda esto?","¿Se te dificulta ponerle nomenclaturas a tus documentos para encontrarlos con facilidad?","¿Consideras que seria bueno la implementación de un programa para una mejor organización de tus documentos?"
"2021/10/15 7:23:30 p. m. GMT-5","En la nube","No","Sí","No","Sí"
"2021/10/15 7:24:04 p. m. GMT-5","En la nube","No","Sí","No","No"
"2021/10/15 7:29:13 p. m. GMT-5","Carpetas","No","Sí","Sí","Sí"
"2021/10/15 7:34:39 p. m. GMT-5","Carpetas","Si","Sí","Sí","Sí"
"2021/10/15 7:52:44 p. m. GMT-5","Carpetas","Si","Sí","No","Sí"
"2021/10/15 7:54:08 p. m. GMT-5","En la nube","No","Sí","No","Sí"
"2021/10/15 7:54:48 p. m. GMT-5","En la nube","Si","Sí","No","No"
"2021/10/15 7:55:42 p. m. GMT-5","Carpetas","Si","Sí","No","Sí"
"2021/10/15 7:55:59 p. m. GMT-5","Carpetas","Si","Sí","No","Sí"
"2021/10/15 7:56:08 p. m. GMT-5","Carpetas","Si","Sí","Sí","Sí"
"2021/10/15 7:59:14 p. m. GMT-5","Carpetas","No","No","No","Sí"
"2021/10/15 8:00:26 p. m. GMT-5","En la nube","No","Sí","No","Sí"
"2021/10/15 8:09:15 p. m. GMT-5","Carpetas","Si","Sí","No","Sí"
"2021/10/15 8:11:49 p. m. GMT-5","Carpetas","Si","Sí","No","Sí"
"2021/10/15 8:35:58 p. m. GMT-5","Carpetas","No","Sí","No","Sí"
"2021/10/15 8:39:28 p. m. GMT-5","Carpetas","No","Sí","No","Sí"
"2021/10/15 8:42:33 p. m. GMT-5","Carpetas","Si","Sí","No","Sí"
"2021/10/15 8:44:40 p. m. GMT-5","Carpetas","No","Sí","No","Sí"
"2021/10/15 8:48:22 p. m. GMT-5","Carpetas","Si","Sí","Sí","Sí"
"2021/10/15 8:55:48 p. m. GMT-5","No los organizo","Si","Sí","Sí","Sí"
"2021/10/15 10:18:55 p. m. GMT-5","Carpetas","Si","No","Sí","Sí"
"2021/10/15 10:31:33 p. m. GMT-5","Carpetas","No","Sí","No","Sí"
"2021/10/15 11:55:43 p. m. GMT-5","Carpetas","No","Sí","No","Sí"